firstName,lastName,street,city,state,zipCode,email,phone,hashedPassword
Devyn,Everett,42 Vance Way,Dudley Valley,MS,16713,devyn.everett@neumont.edu,(969) 748-7338,$2b$10$4rXn0QAy02SzLlOTy5O7xOUxoZ8a6etUeBpKvgyuXKNShVr4RIGA2
Alisa,Foster,738 Baxter Ct,Shelton City,ID,82096,alisa.foster@neumont.edu,(573) 803-2101,$2b$10$tUK598yJC/MGI.HfqHeTyusHAbQ7KVs6Jr.a9oralVJU0LNjSIS9K
Santiago,Mcdaniel,513 Vinson Ct,Molina Fork,OK,54885,santiago.mcdaniel@neumont.edu,(276) 417-2022,$2b$10$X9ziY8QaIa29rebzQ2E26eOfosHCWmjv04AtDwAZKNxladsncs2kK
Dashawn,Rowe,14 Herman Ln,Meyer Fork,NV,47172,dashawn.rowe@neumont.edu,(540) 338-9459,$2b$10$60hSCCdRQsjYm/6Lz/mJi.o5bpgvly0HknQA85VsCnL74sDYntufW
Tamara,Good,638 Edwards Ln,Forbes Island,NY,89110,tamara.good@neumont.edu,(509) 379-2449,$2b$10$qPle5LWtBJFvEhiT0TvLXOoHH5yRp51gB2ErtSMtnz0ntZAuQfYCq
Sarah,Cross,859 English Dr,Shelton Pond,AZ,83978,sarah.cross@neumont.edu,(612) 336-2496,$2b$10$I71CjKGJ09aQ1uBf2vHc1u.8otmqst31F7yaJm0XNlWq8XQMqj/fm
Pauline,Workman,171 Crawford Dr,Russell Bridge,NH,78470,pauline.workman@neumont.edu,(985) 274-8732,$2b$10$j2C3Ct6NcLnEbL0D21VSLuUdlgF7WS/B38AXdGyyaIWndcJ3R0Ky.
Dina,Stout,30 Cobb Pass,Conradmont,UT,24328,dina.stout@neumont.edu,(618) 837-2048,$2b$10$qptsrt3kJE7ARFAgSxeKueF67cQ7X66R1WCeLqj2.Wwmk9C.t5CS2
Travis,Sloan,325 Hubbard St,Erickson Pond,DE,79977,travis.sloan@neumont.edu,(318) 597-2283,$2b$10$zNckId4vSpqM64UqzfllnOciQhZ3KXG6tiwSvWb0c.CGIovuYn8Rm
Greg,Harrison,813 Mejia St,Tylerburg,DE,70885,greg.harrison@neumont.edu,(495) 313-3956,$2b$10$qP3wXItF9Z4SyZiSkI27j.aiu5FUBRikL5WEFGfNkYGZUkGsttlFq
Emma,Gallagher,800 Phelps Dr,Bartonmont,NC,53722,emma.gallagher@neumont.edu,(400) 343-2822,$2b$10$0XK0maBgJoCN0cO8uTN8vOyOyZ0YvxNXBiiL2fFBrUaGzzpsbxyZq
Erika,Ferrell,970 Bowers Ln,Key River,NE,83051,erika.ferrell@neumont.edu,(588) 181-2384,$2b$10$LPmPCYdQvxKIaBOFj4eBKe0h7xNhwjDxNRZGs.VsApuX9s7LT36mO
Sergio,Hodges,759 Duran Cir,Rowland Springs,OR,40747,sergio.hodges@neumont.edu,(283) 341-7244,$2b$10$q0jQO3Kq9wB4rGqh47kC2OgCL4x3r0GrvSLbGGA5p3FPCSAJn1xiW
Amanda,Mccarty,152 Morrow Rd,Hanson Pond,WY,34861,amanda.mccarty@neumont.edu,(958) 652-8768,$2b$10$rs/olWWm4O1gcCnPQB/ZCOr3y/u7QSK1nXiaUdQ1Hv/AGHjB60Yu6
Orion,Turner,402 Beattie Way,Merrill Creek,VT,53058,orion.turner@neumont.edu,(657) 838-6653,$2b$10$MCUljc91qzL/MLRFyWyXau73LiPtJJeiZoHAXWokbmpHNDcYioI8W
Diamond,Solis,733 Rocha Ct,Daugherty River,GA,33586,diamond.solis@neumont.edu,(219) 961-1425,$2b$10$R4BH0HaE47ZdXE3u0n75BuO9/.qb182yL2dD29kTcTWl9XhE3dnmG
Zackary,Moore,799 Long Rd,Allison Lake,VT,44879,zackary.moore@neumont.edu,(232) 241-9091,$2b$10$0SLE3.37EWaSXjQwbUN1wOd7VS0u3mYp2jsd2J0Tvc0NmJgrpcyJK
Stephon,Turner,384 Pickett Way,Yatesville,PA,56673,stephon.turner@neumont.edu,(877) 368-4838,$2b$10$qUxzMO64/vnZaRFWHLCFTeEteK73DHN8BsaB5tvSqfcGNUuOe6/DS
Eli,Stark,563 Murphy Ave,Morgan Creek,OR,27946,eli.stark@neumont.edu,(562) 157-2823,$2b$10$UjKqRoFJDcOaMQKlnLrR0uSfVDiMU2qOZKeVXe/leW74IkFwmVaXu
Johnnie,Yates,16 Levy Rd,Kemp Springs,ND,61272,johnnie.yates@neumont.edu,(639) 453-6732,$2b$10$WEofiZFhWczR17Z9vKCql.a2iYem.fKpuCT6Uri2gpdygets7eUwC
Darion,Flores,178 Frank Pass,Vazquez River,PA,77590,darion.flores@neumont.edu,(640) 940-2135,$2b$10$7lA7envxfDR17xPvZ1vwZ.AQGfgYVv9qMp5zyr53Ac7WrWdMPSadS
Quinn,Foster,768 Curtis Way,Chanmont,MT,10958,quinn.foster@neumont.edu,(318) 49-1729,$2b$10$.7I6UGGNUXbKxz.uQPIfTem8E7yaI8/f3/yOp1TMJ8fuQpO6oqx.W
Beverly,Roman,91 Salas Dr,Pennington City,ID,35448,beverly.roman@neumont.edu,(737) 565-3432,$2b$10$1z8zotu8hSWHQJyGId5w0euRZhBAS74kGI/J82MX7FD1ND5apZZ2u
Ana,Cook,60 Johnston Ave,Weiss Springs,ID,74866,ana.cook@neumont.edu,(312) 524-7103,$2b$10$wjOVWpCl9bErMiLnFD0OnO5/ibOxMprhBa6M0rzoxPU7lKSDCpzye
Karina,Ryan,637 King Ave,Schwartz Creek,NY,30484,karina.ryan@neumont.edu,(621) 747-3925,$2b$10$paE6L7IaqvwdUEh8gjZqRu1pfkdClZyUAL2PyfqGKxyLHTcMEsg86
Mikala,Buckley,98 Clarke Blvd,Ball Lake,ID,58729,mikala.buckley@neumont.edu,(513) 77-4715,$2b$10$FgoF.4V5SvP/sh67bZJ7lubmBd4wuNSnrgcEVplpp2Es/R8S3CqJ6
Caitlyn,Shaw,339 Petersen Ave,Hallville,KY,61577,caitlyn.shaw@neumont.edu,(822) 349-2334,$2b$10$03abmps74K1LI5XL2GGiEu/hCZI2M3ppPZ8RQaiFqWfGVs4R99aga
Terri,Hayes,359 Hurley Way,Moore Creek,PA,58744,terri.hayes@neumont.edu,(325) 389-1794,$2b$10$v56NRlwl9.ymy6HFmWmSq.eV6K8iwJ2SWW8O98p8.m5.tzROsXiAO
Kalyn,Summers,719 Harvey Dr,Wolfe Valley,AZ,48882,kalyn.summers@neumont.edu,(10) 991-5002,$2b$10$aTRx9zzzq4RjA96zPkk3IevW7EOruYDRgE4nWpvHG7KlyuxgRqsY2
Jerry,Mcbride,796 English Ln,Payne Bridge,NC,88535,jerry.mcbride@neumont.edu,(370) 434-8468,$2b$10$0jDwqj.F1EPEnb4k0CIzp.1i.jGxv4NQnLGtUpcaYY39sLLA/p8la
Deonte,Morrow,950 Kent Ln,Ramsey Fork,IN,23333,deonte.morrow@neumont.edu,(478) 628-6985,$2b$10$BPx5/XID2ngkgSM.J.dl1e9.sUy888TYo2htACaysTqxe4KHXVMSy
Veronica,Irwin,155 Sutton Ln,Cooley Bridge,PA,80971,veronica.irwin@neumont.edu,(464) 589-5244,$2b$10$3aOF7/K85.hXUzIDHqwMneq8vpIThs0yRubo0d74pI3qRQDeIZlpm
Miriam,Jacobson,771 Sanders Ave,Herrera City,FL,37176,miriam.jacobson@neumont.edu,(314) 68-3719,$2b$10$MGEQ9v0a8h/TdcKQ/lEkbuxWCs7HlTF5bQXdLPz4RiDgJZTSVyoxW
Kenneth,Chapman,939 Howe Rd,Byers Lake,MO,61219,kenneth.chapman@neumont.edu,(638) 442-3358,$2b$10$pgZ171xiTJLkhgwcPpJGfertvC/kO7b7Gqfaikp/gWV0nmVspvXFG
Maxwell,Pate,580 Rutledge Blvd,Blackville,VT,10186,maxwell.pate@neumont.edu,(606) 528-9711,$2b$10$GpjI9zjewUSoQWHI.xnZd.6Z1sqscn4F96khjndWPNSdN.OwUzUtu
Lionel,Johns,233 Livingston Cir,Bowen Springs,MI,90985,lionel.johns@neumont.edu,(236) 788-1210,$2b$10$1psQlT6TonAxVvvq7Mxr.OURTscndTFB4ANHSjh8EDHTbS8tbXFzK
Sam,Hull,303 Dejesus Dr,Priceville,IL,37252,sam.hull@neumont.edu,(421) 443-6049,$2b$10$bkxM6pE/0yKep9wAFN3sbefB.rnRSyDqICCCPZYJbqAGKDkc.Gt9C
Darryl,Brock,85 Jackson Ln,Pruitt Pond,MD,68568,darryl.brock@neumont.edu,(991) 310-6998,$2b$10$RaXf5GbAKgQkTMzHvNjv7.4d/WedgEbIc9lt5mAZ.LtwH15u.MrwW
Mathew,Mayer,519 Byers St,Princeville,WA,72687,mathew.mayer@neumont.edu,(449) 957-7398,$2b$10$SoOIhhonMKVtgyzfoVgjeeRGY6LmRI7XdvIdOLSrz.MLQWlERWeaG
Gianna,Hurley,666 Barry Pass,Anthony Creek,SC,20201,gianna.hurley@neumont.edu,(971) 759-7741,$2b$10$kcTBHZUAnJdY5SnbvgRXV.bWbhyoDv/rr/BMSLCZml8D0eqfxS3Bu
Addison,Levine,470 Rutledge St,Owenmont,MN,71793,addison.levine@neumont.edu,(863) 602-3007,$2b$10$uCXNYtLI8RjvQg0pUgqzn.viYVsBO108/FvvR2uLXiM5rDsL9DiIe
Gretchen,Mccullough,686 Gaines Ct,Stevens Fork,GA,34884,gretchen.mccullough@neumont.edu,(763) 623-2643,$2b$10$Qrgws3kKl3VhBd1crgiThOAbTy3NN1G6v8E70KQ61pkwM1LJxTOgK
Brooklyn,Hardin,954 Henderson Way,Francis Bridge,PA,92781,brooklyn.hardin@neumont.edu,(547) 781-1647,$2b$10$8uxOwtbXK4JUJBsToyB2f.LZwzG/l2vRKqyQLiXgu54Zmor8XUuye
Kobe,Porter,773 Rios Dr,Cross Valley,AK,91601,kobe.porter@neumont.edu,(545) 778-9722,$2b$10$w4iiH1uzHp7h5KlBY8fjPesN3PQ93EpOFWASqnjkKXRHYpt6KRkGq
Brenton,Holland,598 Coleman Rd,Davidson Island,NE,87862,brenton.holland@neumont.edu,(990) 463-6840,$2b$10$pnKOOoUnZDF711pUUpAn6OpciLTmX..OzVKsUPMSvQeJJCHiQzXOy
Shauna,O'neal,547 Sutton Cir,Peterson City,ND,95971,shauna.o'neal@neumont.edu,(326) 872-2484,$2b$10$A0WSo2lU..nJoBFr9gwtnOfe.a8qy7N0.fNxrkvcd56Rtp6Bzxuk2
Alton,Hickman,428 Ellison Ct,Fryetown,NE,91362,alton.hickman@neumont.edu,(740) 803-6333,$2b$10$RGU7cyUyYiLjI0XTGKyuKuK3TLp/HV4GzyjVp8v6KN9NjNV/rufXK
Diego,Weeks,205 Wilson Pass,Sweet City,KY,89093,diego.weeks@neumont.edu,(376) 158-8159,$2b$10$XixS43tpoNw/cjKtEZ2W9.h6UsCUgyKcrWmp4rl06m9xIcfBgkjrK
Pablo,Haynes,18 Norman Dr,Hatfield Springs,WY,44925,pablo.haynes@neumont.edu,(262) 408-9470,$2b$10$/sk7S20Uxt7z77nDqVv2c.UHfkUH2WBlWmq6zSQTzriJz9opSvJjG
Ryder,Stanton,985 Mcneil Way,Simsmont,KS,14929,ryder.stanton@neumont.edu,(277) 226-7810,$2b$10$eJwqIY2sRlhg9xov3glwjeCmmST.C9z0NRRzm/BMYSKHRa1r.C.oO
Kaden,Morgan,244 Mcfadden Way,Boyerburg,NV,35296,kaden.morgan@neumont.edu,(966) 163-4509,$2b$10$FLq8U.6C8zNbNVS.FGNLvOx7sCSoU.M0sRSnMnmfXNXjgs5geZV4u
Mitchell,Monroe,259 Chambers Rd,Ray Island,CT,38210,mitchell.monroe@neumont.edu,(174) 372-9781,$2b$10$zVqyZ/GP2FKGZhQSU5eBQeD.WMbSLXVxmceBYT6Zb0L8ni9hFjoXe
Riley,Mejia,414 Gibbs Ct,Houston Fork,OH,78499,riley.mejia@neumont.edu,(363) 157-9399,$2b$10$tHUhvQ.L2GaP8fuTtReNZeijWsut8PqTNplQQ5bclYHgEBKJK1nSW
Myles,Pickett,560 Gordon Blvd,Kelley River,NC,73404,myles.pickett@neumont.edu,(20) 763-6683,$2b$10$CXuklvGVHeIIjpVXLOWiWe//5LjjhA7ww85o8eQpdf/gSq5JX8ACq
Ricardo,Adkins,822 Harvey Rd,Sykes Valley,CO,15092,ricardo.adkins@neumont.edu,(858) 831-6371,$2b$10$bizFhLS73JOPuuLThVGhx.z/YgXDmN9iuq6fl6wniYY4MNEWVaDUK
Demi,Black,496 Mcintosh Cir,Myers Springs,UT,96315,demi.black@neumont.edu,(574) 253-5272,$2b$10$ZFVEY6f9X0fUfSgf27m2yeiKNxiArZ3USQIVmmt7bqtqghFmL9Nri
Katlynn,Rose,949 Silva Rd,Daugherty Valley,WY,11640,katlynn.rose@neumont.edu,(3) 801-2924,$2b$10$Pv714J8ucDg9CvublMHxmOLrVpttM14EXPy7OQI.lp0xEHLlm.ua6
Jerrod,Dale,154 Hurst Dr,Dotson Valley,WY,63009,jerrod.dale@neumont.edu,(699) 657-1470,$2b$10$mITspNvqcKKt0klsbmpEZOoeIUG127pdPpXmKq8qSy20C5WEvFoqa
Catalina,Perry,21 Hudson Ln,Cobb Pond,NC,56246,catalina.perry@neumont.edu,(11) 590-7853,$2b$10$Ai1gKnZ2ZvUcKQa.zIVanergSCfmhoKyRBic.2e1VVRG6fQ3gA4Pu
Jerrica,Farley,523 Decker Way,Lewisburg,NJ,48134,jerrica.farley@neumont.edu,(645) 411-6711,$2b$10$nyBmzMC2i28eMZrPf9OvQehoQOxZEsWHra2YFj5jCIq4S2P97.0cC
Devyn,Ramos,365 Reed Rd,Ellison Lake,DE,58135,devyn.ramos@neumont.edu,(10) 571-8072,$2b$10$Zb4QQHh.rN7NdPXxxaVMoutAvmcC/sE8J8PoxoG5JoOo8xJeo24R6
Barbara,Melendez,557 Boyer Ct,Ballmont,ID,34140,barbara.melendez@neumont.edu,(166) 880-5404,$2b$10$lbr6GqbrXdgUNjoJgXIP3uS3eqrIogzv.9bNwK58yL7/zUZgmPcIS
Janae,Fuller,393 Townsend Ln,Nelson Pond,GA,28778,janae.fuller@neumont.edu,(650) 334-6767,$2b$10$qeefgd4p7AKOwY06d4zP5u1FfiUVru1GiLccgzc/yW.5wEPK90eDS
Maura,Hester,612 Gamble Blvd,Atkinson Pond,AL,47690,maura.hester@neumont.edu,(173) 163-8157,$2b$10$q3QN4Ekosn7tqMm63r.O4.lCP/Y.Erssh3bPBMGNnkG.P6LGcVxzu
Ava,Blair,21 Chandler Cir,Colemanburg,MN,65203,ava.blair@neumont.edu,(860) 574-4145,$2b$10$RiqUUzkSqNz/F6uBWf39LOBEdoUvPQ4oRdNG5KLdFBaKFYyUjC4Aa
Marc,Kline,107 Pena Pass,Reyes Fork,RI,22869,marc.kline@neumont.edu,(844) 178-1867,$2b$10$/dqAOZCXcxq0wY6IPqVmhOxuip.lby5UN5TPROys1IupTjktgzpDe
Tommy,Mays,510 Hendrix Ln,Rodriquez City,CO,70807,tommy.mays@neumont.edu,(894) 364-8311,$2b$10$lLJrmGnHQTCuVG2apunzXewiMWVYJraPG3ofL0jA5eaNffAE1D8rC
Kenton,Stanley,209 Huff Dr,Bailey Valley,ID,30223,kenton.stanley@neumont.edu,(471) 366-9730,$2b$10$HK3YNFd7PPh5sF9ydy52sea2C/s9gtnHIV1WCsx/fPEvvUwpgqSjy
Carter,Holmes,661 Kramer Blvd,Pooleville,OR,72936,carter.holmes@neumont.edu,(874) 28-6993,$2b$10$Mvj.DGfaT1n9ELLcOBEL.eEgPJRefdaX5pCjGu.tsmoHT/h441sru
Rex,Hood,992 Head Cir,Castanedatown,MD,94361,rex.hood@neumont.edu,(83) 109-9665,$2b$10$UNg0S7lzBw/w6p4po6UvEeYnLTZ/GT1WKaQRA.Bfui5HmE6FjgcN2
Kellen,Casey,673 Hunt Way,Hamptonville,MS,78038,kellen.casey@neumont.edu,(624) 229-6446,$2b$10$HuG77o572Wp8VC/Io8L21ORfwYYQ.uIhTX6SuSMZIBdlHVNyjAbkq
Davin,Best,703 Mccormick Rd,Garza Island,OH,21667,davin.best@neumont.edu,(768) 442-1189,$2b$10$nPUvgXUAA3ja2gqmjG/DgurArrd.GnbTE2j4WnUiiNS7NzA8p4wpm
Bret,Slater,878 Aguirre Way,Hood Island,MS,84198,bret.slater@neumont.edu,(477) 259-6162,$2b$10$W3hzpM58bTEFG6Lh7S52peXcIz.lqltqpqWbjrvlw.Mo6hKapOXRa
Edgardo,Bailey,486 Jensen Rd,Josephburg,OK,78722,edgardo.bailey@neumont.edu,(508) 397-5226,$2b$10$EM1hZuXILd1F4j2l1G99nufjYLI7hk8ywuaQgqWlq.Y1.7FO2Mo3.
Meghan,Garrett,254 Salazar Blvd,Osborneville,DE,28107,meghan.garrett@neumont.edu,(273) 514-8036,$2b$10$Tuc2tV752PFEJtnfKo2xKOEfFgIm3K.SeFhajjmbN/KAvtRmoP4P2
Paloma,Mcintosh,700 Joseph Way,Mcleodburg,WV,28324,paloma.mcintosh@neumont.edu,(731) 902-5401,$2b$10$XYUXEzs4dB0EglZr3AGGeOqGsVZhkMhsjviwzX5R/2BQq3duK.fMW
Khalid,Klein,180 Young Cir,Stevens Springs,MS,68014,khalid.klein@neumont.edu,(70) 372-7143,$2b$10$yNN5fXHhNCBWrPT1tUFtCuMtOiITAm7UxXwmZBinuuXQszrFs4QDC
Elmer,Bush,745 Simpson St,Frost Fork,SC,42610,elmer.bush@neumont.edu,(299) 703-8825,$2b$10$aXpSRtz3mvJwXJTZHn/aKe.jd1gUDQ6f4pDWpNd8p3Rt7lfchyHuq
Carissa,Sanford,456 Morton Way,Mayer Fork,NV,99717,carissa.sanford@neumont.edu,(143) 476-9332,$2b$10$x2DqUfe.VUq1liIrg.1x/eckjj9dryDZrWiTXLQtFaE68L.OMIVJm
Fiona,Townsend,424 Fuentes Dr,Shermanburg,MN,33132,fiona.townsend@neumont.edu,(363) 885-2618,$2b$10$KEWXPyIhzhngMincN0dQcuRV6qBdXJknMoZp8UYbq6HNccCOLOnSC
Colby,Dunn,939 Moran Pass,Craft City,HI,20500,colby.dunn@neumont.edu,(54) 850-1294,$2b$10$zYnJdk4lCms3EVkDOvtiBeo9QrwJ7TuLBCeubvzo6.aYTkwo.8uj6
Winston,Mcconnell,326 Kelley Rd,Mccoyburg,TN,22712,winston.mcconnell@neumont.edu,(447) 184-3482,$2b$10$4jDuXjO3I3J0K5/9T849gOE3A1.tOTIMAap/1XqL4PPrTFQEZ4AGK
Wyatt,Valdez,42 Richmond Way,Gibson Pond,MA,19681,wyatt.valdez@neumont.edu,(463) 914-1729,$2b$10$maLfa/amLvqA59n.UsOPkeUiwN2E2NHY1rXsuF1oHXG1KFEflSNia
Antoinette,Patton,905 Hayes Rd,Mueller Pond,UT,25737,antoinette.patton@neumont.edu,(396) 386-8448,$2b$10$tB44bn2PqKWAcnJhtFAbmeaXQRbLWRmePJKoB9owrRsjOHDftwdbm
Rhonda,Montgomery,391 Collins Way,Santiago Creek,CO,92506,rhonda.montgomery@neumont.edu,(728) 326-7540,$2b$10$fZFROD0RpLXo4sNr8ZkEUOnv4HFYTRiz5YkEbgliUBBXm58im7CB2
Chloe,Rowe,174 Booth Ave,Harmon Springs,MA,32565,chloe.rowe@neumont.edu,(648) 516-5366,$2b$10$dnjPw4mTBqRyA6gCjDtaz.SOz/jOomMCwwxLrlO7.o64J7zEtX.lC
Korey,Beasley,708 Flowers Ave,Green City,SD,97296,korey.beasley@neumont.edu,(444) 370-1394,$2b$10$JK9Qiu8Zvn.ijrjUGpR3tuPEtzpp5kdMPNMhTbPfDsBEQL/4t5ADu
Bruce,Beach,119 Gentry Cir,Mcknight Lake,DC,25552,bruce.beach@neumont.edu,(614) 29-7394,$2b$10$CRwjoWKu.McmQXMYh/ddL.hlRMZlWWjmoHlHZmVZ5kOOh9BH/VbPS
Joey,Velazquez,558 Shepherd Pass,Jacobsburg,SC,83160,joey.velazquez@neumont.edu,(905) 142-2302,$2b$10$BdGc552QHYcp5B6ngUwAX.uEjnPv.s2TqdzyG75A4buQUtvm9snWS
Chris,Mckay,605 Clemons Pass,Bradford Lake,NC,94496,chris.mckay@neumont.edu,(569) 968-5645,$2b$10$e.SwPOjGAywtte4rBBHGw.6xkrxeUn8vh4.7JxE56qxo7Iv3V7OuC
Alexus,George,693 Becker Cir,Crawford Lake,NY,34707,alexus.george@neumont.edu,(0) 897-7389,$2b$10$6lzTYHUq7Y1XwjKuj8Fb4OzPLk6IiPKc3YNUaze/6i7AKySMXh7eS
Osvaldo,Harrington,912 Kim Ln,Buckley Pond,SD,70477,osvaldo.harrington@neumont.edu,(507) 317-8494,$2b$10$3VpFcbY5l.tWmI8aVfkos.IrAryXoH8sYQqxL2GsjhKuA0uNnoURq
Alfredo,Silva,304 Cooke St,Kiddburg,ND,70160,alfredo.silva@neumont.edu,(697) 445-3357,$2b$10$AIVkLoArHxRdI4d2F3hAF.xslTuq5wFkUnnBu0cS4g0JSgpRfSPke
Ali,Glass,295 George St,Poole Creek,NM,62479,ali.glass@neumont.edu,(767) 171-1757,$2b$10$MrO/SUalq.gR5IPDxIaYK.F/j6ha.Y.n1py5ULOTCR0k2lwGJ6C7m
Kaylin,Russell,154 Keith Pass,Webstertown,AL,31728,kaylin.russell@neumont.edu,(365) 412-6886,$2b$10$I3e76m2KCQL39tNFMqFTmum7qbGs6YXvGNrrRGMq0GqUJ1eIMEcWm
Troy,Holt,596 Norman Dr,Simmons Bridge,OK,62927,troy.holt@neumont.edu,(48) 926-6773,$2b$10$Bbwrx84Dr6XViokk6FtJWeenMos7hOlc0KtKFFNT.Na5Vz5lZI74m
Ricky,Deleon,50 Ray Ln,Conleymont,UT,63685,ricky.deleon@neumont.edu,(78) 341-1351,$2b$10$WsMHTnGoI7Wfv3E4KLZScuBJNFmxR0zF1VyWlmr9EvFQDW7Y0TVRG
Landon,Whitley,326 Carr Ave,Mcleodtown,IN,21194,landon.whitley@neumont.edu,(177) 599-4333,$2b$10$0JYcJZRH8txfZxWawBXjz.g6VtYNLGbgZRZl0nEkEBvPr/aMCrhUa
Justus,Garcia,305 Stanley Cir,Mckeemont,KY,73689,justus.garcia@neumont.edu,(512) 776-8537,$2b$10$CWAb38ktrE7P8o4wGcO90u2pv9.vaiKqELJ.adssglrA2b7G1pTui
Domenic,Singleton,70 Sandoval Blvd,Mcmillantown,IL,27495,domenic.singleton@neumont.edu,(546) 725-9730,$2b$10$lb/kjLrzJUD.3Flxi3K/Iuc7d5eEspsRIuYBI6QCELTeldhK83Fn2
