firstName,lastName,street,city,state,zipCode,email,password,phone
Devyn,Everett,42 Vance Way,Dudley Valley,MS,16713,devyn.everett@neumont.edu,qwertyuiop,(969) 748-7338
Santiago,Mcdaniel,513 Vinson Ct,Molina Fork,OK,54885,santiago.mcdaniel@neumont.edu,eCvlviv76m$t0,(276) 417-2022
Alisa,Foster,738 Baxter Ct,Shelton City,ID,82096,alisa.foster@neumont.edu,Vpkh81]6,(573) 803-2101
Dashawn,Rowe,14 Herman Ln,Meyer Fork,NV,47172,dashawn.rowe@neumont.edu,vrqpwx42b#,(540) 338-9459
Tamara,Good,638 Edwards Ln,Forbes Island,NY,89110,tamara.good@neumont.edu,s!kGEwsv86,(509) 379-2449
Pauline,Workman,171 Crawford Dr,Russell Bridge,NH,78470,pauline.workman@neumont.edu,oahk66Hkb(4,(985) 274-8732
Sergio,Hodges,759 Duran Cir,Rowland Springs,OR,40747,sergio.hodges@neumont.edu,Agjx52^t0,(283) 341-7244
Sarah,Cross,859 English Dr,Shelton Pond,AZ,83978,sarah.cross@neumont.edu,Ug+xg88dwpk8,(612) 336-2496
Travis,Sloan,325 Hubbard St,Erickson Pond,DE,79977,travis.sloan@neumont.edu,.getm73bx1,(318) 597-2283
Dina,Stout,30 Cobb Pass,Conradmont,UT,24328,dina.stout@neumont.edu,ulehrfW32(,(618) 837-2048
Greg,Harrison,813 Mejia St,Tylerburg,DE,70885,greg.harrison@neumont.edu,ycx^vlL66Rdv4,(495) 313-3956
Emma,Gallagher,800 Phelps Dr,Bartonmont,NC,53722,emma.gallagher@neumont.edu,pfdvidn6upi)1,(400) 343-2822
Erika,Ferrell,970 Bowers Ln,Key River,NE,83051,erika.ferrell@neumont.edu,fwyoVZ4*1,(588) 181-2384
Orion,Turner,402 Beattie Way,Merrill Creek,VT,53058,orion.turner@neumont.edu,r-zzimd443,(657) 838-6653
Diamond,Solis,733 Rocha Ct,Daugherty River,GA,33586,diamond.solis@neumont.edu,qwerty,(219) 961-1425
Zackary,Moore,799 Long Rd,Allison Lake,VT,44879,zackary.moore@neumont.edu,%dae408,(232) 241-9091
Amanda,Mccarty,152 Morrow Rd,Hanson Pond,WY,34861,amanda.mccarty@neumont.edu,sMWz3#mmj8,(958) 652-8768
Eli,Stark,563 Murphy Ave,Morgan Creek,OR,27946,eli.stark@neumont.edu,bylaeu90.,(562) 157-2823
Johnnie,Yates,16 Levy Rd,Kemp Springs,ND,61272,johnnie.yates@neumont.edu,mkwiW42/8,(639) 453-6732
Darion,Flores,178 Frank Pass,Vazquez River,PA,77590,darion.flores@neumont.edu,ulAnim*z22q9,(640) 940-2135
Mikala,Buckley,98 Clarke Blvd,Ball Lake,ID,58729,mikala.buckley@neumont.edu,password1,(513) 77-4715
Stephon,Turner,384 Pickett Way,Yatesville,PA,56673,stephon.turner@neumont.edu,lBvyf^v863,(877) 368-4838
Lionel,Johns,233 Livingston Cir,Bowen Springs,MI,90985,lionel.johns@neumont.edu,qwerty123,(236) 788-1210
Maxwell,Pate,580 Rutledge Blvd,Blackville,VT,10186,maxwell.pate@neumont.edu,ypefjB%v91cqO1,(606) 528-9711
Sam,Hull,303 Dejesus Dr,Priceville,IL,37252,sam.hull@neumont.edu,jHjW81M#V6,(421) 443-6049
Gianna,Hurley,666 Barry Pass,Anthony Creek,SC,20201,gianna.hurley@neumont.edu,VYoenZ)L62Z6,(971) 759-7741
Deonte,Morrow,950 Kent Ln,Ramsey Fork,IN,23333,deonte.morrow@neumont.edu,$xkA432,(478) 628-6985
Jerry,Mcbride,796 English Ln,Payne Bridge,NC,88535,jerry.mcbride@neumont.edu,u#Nqe6gdO8,(370) 434-8468
Veronica,Irwin,155 Sutton Ln,Cooley Bridge,PA,80971,veronica.irwin@neumont.edu,mtfHq!Xe5h2,(464) 589-5244
Kalyn,Summers,719 Harvey Dr,Wolfe Valley,AZ,48882,kalyn.summers@neumont.edu,"wmy,ijg908",(10) 991-5002
Kenneth,Chapman,939 Howe Rd,Byers Lake,MO,61219,kenneth.chapman@neumont.edu,tdtkxul67tPa-,(638) 442-3358
Miriam,Jacobson,771 Sanders Ave,Herrera City,FL,37176,miriam.jacobson@neumont.edu,wBs/vt46zm2,(314) 68-3719
Quinn,Foster,768 Curtis Way,Chanmont,MT,10958,quinn.foster@neumont.edu,sunshine,(318) 49-1729
Beverly,Roman,91 Salas Dr,Pennington City,ID,35448,beverly.roman@neumont.edu,admin,(737) 565-3432
Ana,Cook,60 Johnston Ave,Weiss Springs,ID,74866,ana.cook@neumont.edu,Szumn60D*a9,(312) 524-7103
Karina,Ryan,637 King Ave,Schwartz Creek,NY,30484,karina.ryan@neumont.edu,football,(621) 747-3925
Mathew,Mayer,519 Byers St,Princeville,WA,72687,mathew.mayer@neumont.edu,TNsftJv51qL[,(449) 957-7398
Caitlyn,Shaw,339 Petersen Ave,Hallville,KY,61577,caitlyn.shaw@neumont.edu,L-Nsb648,(822) 349-2334
Terri,Hayes,359 Hurley Way,Moore Creek,PA,58744,terri.hayes@neumont.edu,rWtdlkun5/g1,(325) 389-1794
Gretchen,Mccullough,686 Gaines Ct,Stevens Fork,GA,34884,gretchen.mccullough@neumont.edu,alixdv81iK-0,(763) 623-2643
Darryl,Brock,85 Jackson Ln,Pruitt Pond,MD,68568,darryl.brock@neumont.edu,)vBea80x7,(991) 310-6998
Brooklyn,Hardin,954 Henderson Way,Francis Bridge,PA,92781,brooklyn.hardin@neumont.edu,rrx)O18e8,(547) 781-1647
Kobe,Porter,773 Rios Dr,Cross Valley,AK,91601,kobe.porter@neumont.edu,hello,(545) 778-9722
Addison,Levine,470 Rutledge St,Owenmont,MN,71793,addison.levine@neumont.edu,a.yweG24p4,(863) 602-3007
Diego,Weeks,205 Wilson Pass,Sweet City,KY,89093,diego.weeks@neumont.edu,Lti+56N4,(376) 158-8159
Tommy,Mays,510 Hendrix Ln,Rodriquez City,CO,70807,tommy.mays@neumont.edu,wgsby@70do3,(894) 364-8311
Brenton,Holland,598 Coleman Rd,Davidson Island,NE,87862,brenton.holland@neumont.edu,Yin^p91p6,(990) 463-6840
Alton,Hickman,428 Ellison Ct,Fryetown,NE,91362,alton.hickman@neumont.edu,login,(740) 803-6333
Shauna,O'neal,547 Sutton Cir,Peterson City,ND,95971,shauna.o'neal@neumont.edu,mOwj+l200,(326) 872-2484
Ryder,Stanton,985 Mcneil Way,Simsmont,KS,14929,ryder.stanton@neumont.edu,qdXigi2#2,(277) 226-7810
Pablo,Haynes,18 Norman Dr,Hatfield Springs,WY,44925,pablo.haynes@neumont.edu,l/xomexo90zh6,(262) 408-9470
Myles,Pickett,560 Gordon Blvd,Kelley River,NC,73404,myles.pickett@neumont.edu,zxcvbnm,(20) 763-6683
Kaden,Morgan,244 Mcfadden Way,Boyerburg,NV,35296,kaden.morgan@neumont.edu,n)RqXf77geZ7,(966) 163-4509
Mitchell,Monroe,259 Chambers Rd,Ray Island,CT,38210,mitchell.monroe@neumont.edu,Hs#wtm46x4,(174) 372-9781
Riley,Mejia,414 Gibbs Ct,Houston Fork,OH,78499,riley.mejia@neumont.edu,wnHhh/9qPu6,(363) 157-9399
Ricardo,Adkins,822 Harvey Rd,Sykes Valley,CO,15092,ricardo.adkins@neumont.edu,google,(858) 831-6371
Katlynn,Rose,949 Silva Rd,Daugherty Valley,WY,11640,katlynn.rose@neumont.edu,qwertyuiop,(3) 801-2924
Demi,Black,496 Mcintosh Cir,Myers Springs,UT,96315,demi.black@neumont.edu,rWfbg&66eTVr6,(574) 253-5272
Jerrod,Dale,154 Hurst Dr,Dotson Valley,WY,63009,jerrod.dale@neumont.edu,r[eLoqc46g7,(699) 657-1470
Catalina,Perry,21 Hudson Ln,Cobb Pond,NC,56246,catalina.perry@neumont.edu,#plB36z9,(11) 590-7853
Jerrica,Farley,523 Decker Way,Lewisburg,NJ,48134,jerrica.farley@neumont.edu,]bzv26a6,(645) 411-6711
Devyn,Ramos,365 Reed Rd,Ellison Lake,DE,58135,devyn.ramos@neumont.edu,nmxpm54[8,(10) 571-8072
Barbara,Melendez,557 Boyer Ct,Ballmont,ID,34140,barbara.melendez@neumont.edu,vdab[6uIn5,(166) 880-5404
Janae,Fuller,393 Townsend Ln,Nelson Pond,GA,28778,janae.fuller@neumont.edu,iloveyou,(650) 334-6767
Maura,Hester,612 Gamble Blvd,Atkinson Pond,AL,47690,maura.hester@neumont.edu,123456,(173) 163-8157
Marc,Kline,107 Pena Pass,Reyes Fork,RI,22869,marc.kline@neumont.edu,uKdteG.0vb8,(844) 178-1867
Ava,Blair,21 Chandler Cir,Colemanburg,MN,65203,ava.blair@neumont.edu,google,(860) 574-4145
Carter,Holmes,661 Kramer Blvd,Pooleville,OR,72936,carter.holmes@neumont.edu,!mlol729,(874) 28-6993
Kenton,Stanley,209 Huff Dr,Bailey Valley,ID,30223,kenton.stanley@neumont.edu,ic_Pknik58s4,(471) 366-9730
Rex,Hood,992 Head Cir,Castanedatown,MD,94361,rex.hood@neumont.edu,ntu+edxn49Y0,(83) 109-9665
Kellen,Casey,673 Hunt Way,Hamptonville,MS,78038,kellen.casey@neumont.edu,iloveyou,(624) 229-6446
Davin,Best,703 Mccormick Rd,Garza Island,OH,21667,davin.best@neumont.edu,ecwz]dey47eisY6,(768) 442-1189
Bret,Slater,878 Aguirre Way,Hood Island,MS,84198,bret.slater@neumont.edu,s@ipz192,(477) 259-6162
Edgardo,Bailey,486 Jensen Rd,Josephburg,OK,78722,edgardo.bailey@neumont.edu,Pr.zRc116,(508) 397-5226
Meghan,Garrett,254 Salazar Blvd,Osborneville,DE,28107,meghan.garrett@neumont.edu,J#auhlxv85Hr0,(273) 514-8036
Paloma,Mcintosh,700 Joseph Way,Mcleodburg,WV,28324,paloma.mcintosh@neumont.edu,admin,(731) 902-5401
Khalid,Klein,180 Young Cir,Stevens Springs,MS,68014,khalid.klein@neumont.edu,r+lPfu35Mt4,(70) 372-7143
Elmer,Bush,745 Simpson St,Frost Fork,SC,42610,elmer.bush@neumont.edu,xfkJ*iz91,(299) 703-8825
Fiona,Townsend,424 Fuentes Dr,Shermanburg,MN,33132,fiona.townsend@neumont.edu,fvsl2^X6,(363) 885-2618
Carissa,Sanford,456 Morton Way,Mayer Fork,NV,99717,carissa.sanford@neumont.edu,kGnwgo*o26hR5,(143) 476-9332
Korey,Beasley,708 Flowers Ave,Green City,SD,97296,korey.beasley@neumont.edu,mapbfc20Yrj%4,(444) 370-1394
Colby,Dunn,939 Moran Pass,Craft City,HI,20500,colby.dunn@neumont.edu,/mopp0yx2,(54) 850-1294
Winston,Mcconnell,326 Kelley Rd,Mccoyburg,TN,22712,winston.mcconnell@neumont.edu,tkyu9@tjv6,(447) 184-3482
Wyatt,Valdez,42 Richmond Way,Gibson Pond,MA,19681,wyatt.valdez@neumont.edu,zr$jlvWs477,(463) 914-1729
Rhonda,Montgomery,391 Collins Way,Santiago Creek,CO,92506,rhonda.montgomery@neumont.edu,]wwbs712,(728) 326-7540
Antoinette,Patton,905 Hayes Rd,Mueller Pond,UT,25737,antoinette.patton@neumont.edu,bhsizpA#53oG2,(396) 386-8448
Chloe,Rowe,174 Booth Ave,Harmon Springs,MA,32565,chloe.rowe@neumont.edu,zkddhtE47mZ$1,(648) 516-5366
Bruce,Beach,119 Gentry Cir,Mcknight Lake,DC,25552,bruce.beach@neumont.edu,ddcW+9x7,(614) 29-7394
Joey,Velazquez,558 Shepherd Pass,Jacobsburg,SC,83160,joey.velazquez@neumont.edu,suhlpnwg15qt/1,(905) 142-2302
Chris,Mckay,605 Clemons Pass,Bradford Lake,NC,94496,chris.mckay@neumont.edu,zoZaeyb95ui(,(569) 968-5645
Alexus,George,693 Becker Cir,Crawford Lake,NY,34707,alexus.george@neumont.edu,qwertyuiop,(0) 897-7389
Osvaldo,Harrington,912 Kim Ln,Buckley Pond,SD,70477,osvaldo.harrington@neumont.edu,zv^jesn7uev2,(507) 317-8494
Alfredo,Silva,304 Cooke St,Kiddburg,ND,70160,alfredo.silva@neumont.edu,lJa#gzr60EJ0,(697) 445-3357
Troy,Holt,596 Norman Dr,Simmons Bridge,OK,62927,troy.holt@neumont.edu,123123,(48) 926-6773
Ali,Glass,295 George St,Poole Creek,NM,62479,ali.glass@neumont.edu,smn(Pljm69lh6,(767) 171-1757
Kaylin,Russell,154 Keith Pass,Webstertown,AL,31728,kaylin.russell@neumont.edu,%vqzY886,(365) 412-6886
Ricky,Deleon,50 Ray Ln,Conleymont,UT,63685,ricky.deleon@neumont.edu,HvMjihno30wfj],(78) 341-1351
Landon,Whitley,326 Carr Ave,Mcleodtown,IN,21194,landon.whitley@neumont.edu,.ithtbe92ErF2,(177) 599-4333
Justus,Garcia,305 Stanley Cir,Mckeemont,KY,73689,justus.garcia@neumont.edu,tQKjw#ir504,(512) 776-8537
Domenic,Singleton,70 Sandoval Blvd,Mcmillantown,IL,27495,domenic.singleton@neumont.edu,qI-ofy59X7,(546) 725-9730
